<?xml version="1.0" encoding="UTF-8"?>
<FileZilla3 version="3.39.0" platform="windows">
	<Servers>
		<Server>
			<Host>solution.logimetrixinfra.com</Host>
			<Port>21</Port>
			<Protocol>6</Protocol>
			<Type>0</Type>
			<User>solution@logimetrixinfra.com</User>
			<Pass encoding="base64">TG9naW1ldHJpeEAxMjM=</Pass>
			<Logontype>1</Logontype>
			<TimezoneOffset>0</TimezoneOffset>
			<PasvMode>MODE_DEFAULT</PasvMode>
			<MaximumMultipleConnections>0</MaximumMultipleConnections>
			<EncodingType>Auto</EncodingType>
			<BypassProxy>0</BypassProxy>
			<Name>infra</Name>
			<Comments />
			<Colour>0</Colour>
			<LocalDir />
			<RemoteDir />
			<SyncBrowsing>0</SyncBrowsing>
			<DirectoryComparison>0</DirectoryComparison>
		</Server>
	</Servers>
</FileZilla3>
